[Header],,,,,,,
IEMFileVersion,4,,,,,,
Investigator Name,Angela Marchbank Dan and Emily,,,,,,
Experiment Name,Chrom_check,,,,,,
Date,03/03/2016,,,,,,
Workflow,GenerateFASTQ,,,,,,
Application,NextSeq FASTQ Only,,,,,,
Assay,TruSeq LT,,,,,,
Description,RNAseqAthal,,,,,,
Chemistry,Default,,,,,,
,,,,,,,
[Reads],,,,,,,
76,,,,,,,
76,,,,,,,
,,,,,,,
[Settings],,,,,,,
Adapter,,,,,,,
AdapterRead2,,,,,,,
,,,,,,,
[Data],,,,,,,
Sample_ID,Sample_Name,Sample_Plate,Sample_Well,I7_Index_ID,index,Sample_Project,Description
A,A,,,,CGATGT,AGM,
B,B,,,,TGACCA,AGM,
C,C,,,,ACAGTG,AGM,
D,D,,,,GCCAAT,AGM,
E,E,,,,CAGATC,AGM,
F,F,,,,ACTTGA,AGM,
G,G,,,,GATCAG,AGM,
H,H,,,,TAGCTT,AGM,
I,I,,,,CTTGTA,AGM,
J,J,,,,AGTCAA,AGM,
K,K,,,,AGTTCC,AGM,
L,L,,,,ATGTCA,AGM,
M,M,,,,CCGTCC,AGM,
N,N,,,,GTCCGC,AGM,
O,O,,,,GTGAAA,AGM,
